product_id;name;price;total_sold;colour
52;riverlands the duel;31.52;2654;#727272
29;Tully maester Tarly;167.2;2635;#111111
21;duel Direwolf;96.9;2609;#e2e2e2
16;the duel warden;180.91;2608;#666666
66;mustafar jinn;2.12;2601;#545454
87;sith Jade;96.26;2598;#e2e2e2
48;rock Renly in;21.53;2597;#9e9e9e
33;duel warden;127.09;2597;#191919
23;riverlands north;169.96;2593;#545454
68;Stark Karstark;167.37;2589;#333333
88;Stannis warden south;167.15;2587;#515151
28;chewbacca mustafar;127.44;2584;#efefef
4;warden south duel;71.89;2584;#111111
73;Dorne bastard;114.09;2584;#848484
31;Lannister;85.02;2580;#3f3f3f
34;of north;128.48;2580;#919191
38;ewok sith;55.43;2578;#666666
36;Lannister;96.22;2575;#a5a5a5
61;Winterfell Lannister;28.01;2575;#848484
54;dooku solo;13.14;2575;#e5e5e5
24;south duel tourney;48.99;2574;#aaaaaa
11;Karstark Dorne;49.7;2573;#141414
2;Tarly Stark;9.24;2573;#919191
72;north;161.6;2573;#474747
47;Tully;82.15;2571;#919191
10;Karstark Dorne;119.52;2571;#f4f4f4
39;warden;196.65;2571;#a0a0a0
74;duel warden;158.29;2569;#707070
64;Direwolf;195.62;2568;#b7b7b7
65;riverlands the;121.91;2567;#6b6b6b
58;solo palpatine chewbacca;130.59;2567;#2b2b2b
53;kingsblood Littlefinger the;137.81;2564;#3a3a3a
7;north of Casterly;63.33;2563;#b7b7b7
98;Direwolf Littlefinger;38.33;2562;#bababa
32;north;178.28;2561;#0f0f0f
82;kingsblood Littlefinger the;12.45;2560;#545454
13;palpatine chewbacca;139.59;2560;#2b2b2b
12;duel Direwolf;181.6;2558;#a8a8a8
18;Karstark warden;148.91;2552;#c4c4c4
67;Winterfell;195.94;2552;#1c1c1c
44;Karstark Dorne;105.48;2550;#878787
62;the duel;188.94;2549;#666666
5;skywalker ewok;171.22;2548;#dbdbdb
84;Karstark Tully Dorne;92.91;2545;#353535
79;Direwolf riverlands the;132.86;2545;#b2b2b2
78;Karstark warden;178.85;2543;#919191
57;Direwolf Stannis riverlands;170.76;2539;#848484
85;bastard of north;62.62;2539;#474747
89;skywalker ewok;172.78;2538;#636363
56;Direwolf riverlands;167.07;2537;#5b5b5b
97;jinn Winterfell;65.25;2536;#bababa
26;Stark Karstark;53.01;2536;#898989
93;Littlefinger Tarly Stark;192.6;2535;#efefef
15;Stannis warden;194.29;2535;#dbdbdb
49;the giantsblood maester;53.31;2531;#e2e2e2
86;Stark kingsblood;189.21;2528;#141414
3;duel tourney Lannister;171.13;2528;#d8d8d8
91;the duel;59.76;2527;#adadad
17;skywalker ewok sith;91.89;2527;#7c7c7c
63;Jade tatooine dooku;188.58;2526;#dbdbdb
95;riverlands north Direwolf;6.9;2525;#c1c1c1
35;the giantsblood maester;107.17;2522;#8c8c8c
25;skywalker ewok;157.53;2521;#2b2b2b
41;Lannister Barratheon Direwolf;141.01;2517;#fcfcfc
100;south duel;40.43;2517;#6d6d6d
9;Winterfell;76.4;2516;#b5b5b5
50;in;124.04;2515;#7a7a7a
99;the duel;151.78;2514;#212121
46;giantsblood maester Karstark;58.78;2513;#2b2b2b
60;rock Renly;68.38;2512;#898989
76;Littlefinger Tarly;65.07;2507;#686868
96;dooku solo;20.92;2506;#282828
27;Stannis riverlands;172.93;2503;#7a7a7a
8;Winterfell;32.37;2503;#383838
90;Winterfell;39.73;2500;#757575
55;Tully maester;3.83;2497;#6d6d6d
20;warden Karstark;91.96;2497;#b5b5b5
80;Tarly Stark;14.1;2496;#020202
14;Direwolf;147.53;2496;#c4c4c4
6;dooku solo;136.6;2492;#c4c4c4
92;Stannis warden;168.49;2488;#afafaf
40;tatooine dooku solo;73.31;2488;#070707
83;duel tourney;26.51;2484;#cccccc
59;Direwolf Stannis;114.77;2481;#bcbcbc
70;Direwolf Stannis;6.93;2480;#c9c9c9
94;in south Winterfell;51.94;2479;#3a3a3a
45;south;92.65;2478;#bfbfbf
81;the duel;15.87;2469;#7f7f7f
30;Karstark warden;79.53;2468;#606060
1;Direwolf Stannis;161.11;2468;#7c7c7c
51;north Tully;30.14;2466;#262626
77;Tarly Littlefinger;150.5;2462;#f4f4f4
71;Tully Dorne;103.73;2462;#424242
37;Direwolf Littlefinger;26.66;2461;#aaaaaa
75;giantsblood maester Karstark;9.46;2461;#f9f9f9
69;Littlefinger the giantsblood;57.25;2457;#b7b7b7
19;dooku solo;60.33;2449;#3f3f3f
22;chewbacca mustafar;150.02;2448;#fcfcfc
42;sith;83.51;2425;#494949
43;duel;59.8;2414;#5b5b5b
